INSERT INTO dim_time (year, month, day, quarter, weekday,yearday)
VALUES (2019,6,1,2,5,152),
       (2022,4,16,2,5,106),
       (2021,7,5,3,0,186),
       (2022,8,13,3,5,225),
       (2020,1,2,1,3,2),
       (2020,2,29,1,5,60),
       (2019,6,13,2,3,164),
       (2023,8,18,3,4,230),
       (2021,12,16,4,3,350),
       (2023,4,26,2,2,116),
       (2019,5,7,2,1,127),
       (2020,4,10,2,4,101),
       (2023,11,4,4,5,308),
       (2022,1,3,1,0,3),
       (2022,11,10,4,3,314),
       (2021,6,21,2,0,172),
       (2020,3,29,1,6,89),
       (2022,1,18,1,1,18),
       (2021,7,3,3,5,184),
       (2020,6,8,2,0,160),
       (2020,2,5,1,2,36),
       (2021,5,31,2,0,151),
       (2023,5,16,2,1,136),
       (2020,10,4,4,6,278),
       (2023,4,15,2,5,105),
       (2020,1,21,1,1,21),
       (2021,4,17,2,5,107),
       (2023,5,30,2,1,150),
       (2019,4,9,2,1,99),
       (2022,7,18,3,0,199),
       (2019,11,21,4,3,325),
       (2023,8,1,3,1,213),
       (2019,6,16,2,6,167),
       (2019,4,8,2,0,98),
       (2023,11,23,4,3,327),
       (2023,7,2,3,6,183),
       (2020,12,20,4,6,355),
       (2024,2,16,1,4,47),
       (2020,6,12,2,4,164),
       (2021,9,27,3,0,270),
       (2020,5,19,2,1,140),
       (2023,9,6,3,2,249),
       (2019,4,7,2,6,97),
       (2021,7,4,3,6,185),
       (2020,3,18,1,2,78),
       (2022,10,8,4,5,281),
       (2019,5,24,2,4,144),
       (2019,5,3,2,4,123),
       (2020,11,6,4,4,311),
       (2023,8,13,3,6,225),
       (2020,10,15,4,3,289),
       (2022,7,15,3,4,196),
       (2023,3,3,1,4,62),
       (2020,12,9,4,2,344),
       (2023,11,22,4,2,326),
       (2022,11,27,4,6,331),
       (2023,4,11,2,1,101),
       (2020,4,7,2,1,98),
       (2019,8,2,3,4,214),
       (2023,11,18,4,5,322),
       (2023,1,14,1,5,14),
       (2023,1,13,1,4,13),
       (2020,10,6,4,1,280),
       (2023,2,15,1,2,46),
       (2023,3,4,1,5,63),
       (2020,12,19,4,5,354),
       (2019,3,23,1,5,82),
       (2021,1,15,1,4,15),
       (2023,4,27,2,3,117),
       (2022,4,2,2,5,92),
       (2023,6,28,2,2,179),
       (2023,9,4,3,0,247),
       (2021,8,22,3,6,234),
       (2024,1,5,1,4,5),
       (2019,6,14,2,4,165),
       (2020,6,13,2,5,165),
       (2022,12,13,4,1,347),
       (2022,9,20,3,1,263),
       (2023,3,28,1,1,87),
       (2020,11,25,4,2,330),
       (2019,7,8,3,0,189),
       (2021,5,2,2,6,122),
       (2021,1,9,1,5,9),
       (2022,1,19,1,2,19),
       (2019,7,23,3,1,204),
       (2021,6,13,2,6,164),
       (2020,6,19,2,4,171),
       (2020,6,10,2,2,162),
       (2019,7,4,3,3,185),
       (2022,3,21,1,0,80),
       (2020,1,10,1,4,10),
       (2023,9,5,3,1,248),
       (2024,2,3,1,5,34),
       (2022,8,7,3,6,219),
       (2022,12,1,4,3,335),
       (2019,8,29,3,3,241),
       (2020,11,28,4,5,333),
       (2021,3,14,1,6,73),
       (2021,2,28,1,6,59),
       (2019,10,15,4,1,288);
INSERT INTO dim_order (order_price, paid, comment)
VALUES (23.49,False,'Door pattern change detail Republican trouble officer.'),
       (97.79,True,'Trial either best forget.'),
       (27.38,True,'Project card if medical quickly although stand recently.'),
       (16.9,True,'Major popular forget somebody.'),
       (36.1,True,'Everything same bar include water.'),
       (69.33,True,'Next brother recognize collection support.'),
       (50.71,False,'Go my gun many nearly.'),
       (18.79,True,'Quite not your.'),
       (93.34,True,'Spring chance nothing case strong where ask.'),
       (29.67,False,'Story at model call call.'),
       (95.74,True,'Better knowledge best computer moment nothing party.'),
       (62.3,True,'Do understand whatever.'),
       (11.38,True,'That ground paper.'),
       (96.3,False,'Rise every end his quality.'),
       (92.91,True,'Fund program future under.'),
       (40.77,True,'Into policy cause same.'),
       (56.96,True,'Too receive every land line.'),
       (79.26,False,'Arrive these mission protect activity enough.'),
       (98.62,False,'Above star cold point court get heavy give.'),
       (39.82,True,'Pm beautiful center statement player conference case feel.'),
       (55.9,False,'See teacher know go hot.'),
       (73.78,True,'Traditional professional simply.'),
       (94.57,True,'Summer technology mother during college.'),
       (31.03,True,'We budget perhaps offer citizen.'),
       (55.83,True,'Author he foot education still quickly similar.'),
       (67.84,True,'Never such forward source relate better opportunity.'),
       (20.87,True,'Western late fund TV yourself writer support body.'),
       (23.11,True,'Total then guy thought social full pretty huge.'),
       (92.92,False,'House bill life theory financial.'),
       (88.34,True,'Newspaper also fish before.'),
       (18.37,True,'Information lay member people quality shoulder though.'),
       (87.68,False,'Season upon from others.'),
       (26.91,True,'Shake value across public.'),
       (33.05,True,'Maintain here no here scientist.'),
       (20.7,True,'Draw before choose step pull.'),
       (99.57,True,'Eat within begin teacher discover.'),
       (97.53,False,'Second laugh you any contain choice.'),
       (14.99,True,'Back often speak seat discussion question most.'),
       (92.27,True,'Happy movie class popular.'),
       (49.68,True,'Whom several nature.'),
       (98.52,True,'Purpose think record and stop.'),
       (16.51,True,'Walk important half.'),
       (30.21,False,'Watch street message state voice.'),
       (41.62,True,'Economy tree wind speak night matter.'),
       (13.49,True,'Candidate hit take must meeting.'),
       (77.95,False,'Them drug fish behavior structure behavior moment agency.'),
       (52.36,True,'Use future travel language.'),
       (99.63,True,'Seat into contain share.'),
       (47.37,False,'Move agency turn mean between.'),
       (58.92,False,'High experience hit purpose something attorney along.'),
       (82.61,True,'Seven idea market.'),
       (32.82,True,'Both nothing dog voice.'),
       (41.2,False,'Just consider price house.'),
       (60.2,True,'Provide since attention contain it organization.'),
       (41.02,True,'Indicate beyond against full ball sense.'),
       (46.26,False,'Land weight rise health.'),
       (14.37,True,'Its next minute parent start color.'),
       (49.69,True,'Cold walk rule.'),
       (38.58,True,'Pattern yourself fish wife inside table into decide.'),
       (51.71,True,'Ahead test find include sit authority.'),
       (23.81,True,'Would great east reality.'),
       (42.73,True,'Happy off result.'),
       (97.22,True,'Lose son read southern.'),
       (49.2,False,'Take lead law interest consider.'),
       (96.39,False,'Next agency necessary company sound day line.'),
       (71.8,True,'Religious quite material response.'),
       (34.96,True,'Impact physical number main.'),
       (87.12,True,'Truth few pressure war thought institution.'),
       (41.69,True,'Partner interest avoid air leave.'),
       (77.68,True,'Yet democratic stay performance.'),
       (37.75,True,'Experience Mrs cup writer.'),
       (30.46,True,'Customer place speak type wonder.'),
       (78.03,False,'Fast future church lot one little exist church.'),
       (76.19,True,'Right attack build game those least.'),
       (76.36,True,'Free city capital movement.'),
       (97.6,False,'Off all against black happy.'),
       (28.42,False,'Lawyer citizen fall throw may job move.'),
       (78.53,True,'Increase image us.'),
       (51.46,True,'Apply city prevent ago.'),
       (85.13,True,'New increase speech office standard pretty letter state.'),
       (83.02,False,'Each ahead real task change agent debate garden.'),
       (97.34,False,'Leg theory hope adult.'),
       (69.08,True,'Piece wall role different yourself.'),
       (25.65,True,'Themselves leader brother red.'),
       (63.76,False,'Her idea increase form until radio.'),
       (61.67,True,'Identify certain movement budget catch item executive.'),
       (47.96,True,'More nice find discuss often.'),
       (80.89,True,'With animal prove.'),
       (61.14,True,'Sound what act over no scene.'),
       (39.97,True,'Plan show own image into.'),
       (22.79,True,'Night Democrat really.'),
       (21.08,True,'Believe shoulder include pass analysis plant.'),
       (83.97,True,'Play others page media subject opportunity carry.'),
       (92.78,False,'Century respond charge president now remain.'),
       (58.23,True,'Capital cold get.'),
       (34.91,True,'Agency interest with itself alone.'),
       (29.41,True,'Doctor entire with expert since identify customer.'),
       (44.66,True,'View down meet begin.'),
       (35.51,True,'Current life process.'),
       (80.83,True,'Pull better experience company research worker travel.');
INSERT INTO dim_address (country, city, street, zip)
VALUES ('Guam','Nicolebury','6261 Mary Square Suite 330',21779),
       ('Zambia','South Markview','5940 Lorraine Forest',59879),
       ('Liechtenstein','Jamesview','11666 Bryan Court',29290),
       ('Poland','Oliviastad','4316 Logan Springs Suite 877',96126),
       ('Sao Tome and Principe','Suttontown','5601 Jennifer Terrace Suite 422',43172),
       ('Christmas Island','Odomstad','2683 Katherine Land',69160),
       ('Samoa','Port Jeffrey','675 Emily Union',64483),
       ('French Polynesia','North Alyssafort','05427 Cameron Junctions',80742),
       ('Sudan','Michealview','404 Jimenez Island Apt. 119',85300),
       ('Denmark','Lake Jenniferview','8139 Andrea Oval Apt. 029',86329),
       ('Spain','Herreraville','783 Bryan Mall',14517),
       ('Solomon Islands','East Gabrielfort','277 Kaylee Court',70332),
       ('Heard Island and McDonald Islands','Larryview','28329 Linda Greens Suite 869',69873),
       ('Austria','Kirkport','74040 Michael Radial Apt. 806',67541),
       ('United States Minor Outlying Islands','East Kathryn','159 Daniels Lakes Suite 717',42551),
       ('Trinidad and Tobago','West Mary','66967 Pedro Crescent',03407),
       ('Serbia','Millershire','269 Kelly Highway',77449),
       ('Somalia','North Elizabethmouth','3783 Walker Fields',19339),
       ('Rwanda','North Brucetown','07220 Mark Park Apt. 120',92928),
       ('Korea','Gilbertton','651 Gray Plain',46718);
INSERT INTO dim_customer (first_name, last_name, phone, email, date_of_birth)
VALUES ('Wesley','Moore',3259133268231,'jbutler@example.org','1988-06-24'),
       ('Melissa','Trevino',8283516198517,'jessica28@example.org','1978-12-25'),
       ('Brittany','Cook',0145956347440,'scottalan@example.org','2005-07-10'),
       ('Shawn','Davis',2538139709677,'andersonallen@example.com','1978-07-26'),
       ('Angela','Holland',6522512718842,'briansims@example.com','1957-06-21'),
       ('Connor','Powers',4648759844087,'nmcdaniel@example.org','1976-01-11'),
       ('Heidi','Houston',0035238584685,'evansmarie@example.net','1998-11-24'),
       ('Joseph','Moore',1769404816599,'alison63@example.org','1967-01-24'),
       ('Jessica','Bush',6215551086808,'anita12@example.com','1953-03-12'),
       ('Roberto','Barton',2765306668014,'lewisjose@example.com','2005-03-08'),
       ('Mary','Gilbert',0864059090708,'melissanorris@example.org','1978-03-01'),
       ('Lisa','Beck',1818531781769,'melanieschroeder@example.com','1991-04-18'),
       ('Matthew','Cruz',2074107852694,'sullivankevin@example.net','1975-09-16'),
       ('Kevin','Jackson',5310295916137,'candace99@example.com','1953-06-06'),
       ('Lisa','Kelly',0023287938874,'moodydavid@example.org','2003-10-30'),
       ('Robert','Long',9249892260236,'ndaniels@example.com','1976-07-02'),
       ('Jodi','Lee',0896135474343,'johnliu@example.net','1988-07-14'),
       ('Michelle','Arias',6870133748259,'gonzalestimothy@example.net','1996-08-19'),
       ('Peter','Medina',0161926151736,'yrocha@example.com','1989-07-12'),
       ('Thomas','Peters',2587887108792,'mhicks@example.com','1988-05-02'),
       ('Jeffery','Wilson',9114643464499,'catherineperez@example.com','1971-06-03'),
       ('Amy','Kelly',6607443493381,'william92@example.com','1996-09-01'),
       ('Harry','Robinson',6647141630910,'sullivanandrew@example.org','1980-05-17'),
       ('Danielle','Cobb',6279968497599,'paulnguyen@example.net','1992-08-19'),
       ('Tonya','Rodriguez',3644958332388,'medinaryan@example.org','1998-06-17'),
       ('Amanda','Avila',3852681824016,'phillipselizabeth@example.org','1993-02-25'),
       ('Robert','Charles',4619630928143,'brandon14@example.net','1991-09-23'),
       ('Austin','Roth',3458020496365,'pbell@example.net','2003-08-19'),
       ('Sabrina','Johnson',0030169047173,'erik53@example.com','2002-04-27'),
       ('Cindy','Lyons',2911954774640,'reesejoshua@example.com','2001-05-09'),
       ('Stacey','Fisher',9521601621576,'bruce01@example.org','1957-12-08'),
       ('Jennifer','Jacobs',5661283975070,'oscarmorales@example.com','2000-02-06'),
       ('Thomas','Hunt',3734530733250,'ryanwaller@example.org','1990-01-11'),
       ('Antonio','Stewart',4914591706216,'vgarcia@example.org','1989-12-25'),
       ('Sherry','Powers',7919993717325,'lynn94@example.com','1971-09-21'),
       ('Jeffrey','Molina',0753748228519,'timothy74@example.org','1977-06-27'),
       ('Russell','Richard',4793878876489,'nhudson@example.org','1995-05-12'),
       ('Misty','Rios',2275778309379,'linashley@example.org','1991-09-15'),
       ('Tina','Oliver',4707565061153,'howardsusan@example.org','1954-08-31'),
       ('Anthony','Lopez',6309338065617,'michael25@example.com','1957-02-27'),
       ('Valerie','Wade',1920298188590,'marissathompson@example.com','1981-02-22'),
       ('Maria','Brown',2277579449387,'michealbarajas@example.org','2003-06-30'),
       ('Lisa','Cunningham',1306506187112,'bernardanderson@example.net','1951-07-06'),
       ('Steven','Kennedy',1123340837889,'julie13@example.org','2005-09-20'),
       ('Deborah','Mitchell',5748648589821,'erika74@example.net','2004-09-13'),
       ('Marie','Mcmillan',0289834403361,'amiller@example.org','1976-10-07'),
       ('Mark','Maxwell',5338621818090,'lcortez@example.com','1966-01-19'),
       ('Charles','Cruz',4354151775843,'mcintoshbrian@example.org','1987-03-13'),
       ('Justin','Gillespie',0300263186243,'virginiagomez@example.com','1990-06-17'),
       ('Sandra','Brown',6889958051763,'hurstkathryn@example.net','1960-11-25');
INSERT INTO fact_table (timeId, orderId, customerId, addressId, price)
VALUES (65,32,0,0, 26.91),
       (73,8,1,1, 93.34),
       (16,15,2,2, 40.77),
       (11,16,3,3, 56.96),
       (58,46,4,4, 52.36),
       (60,59,5,5, 51.71),
       (1,99,6,6, 80.83),
       (45,63,7,7, 49.2),
       (29,56,8,8, 14.37),
       (39,58,9,9, 38.58),
       (34,66,10,10, 34.96),
       (80,95,11,11, 34.91),
       (30,2,12,12, 27.38),
       (12,18,13,13, 98.62),
       (75,0,14,14, 23.49),
       (77,96,15,15, 29.41),
       (70,92,16,16, 83.97),
       (37,5,17,17, 69.33),
       (38,82,18,18, 69.08),
       (36,1,19,19, 97.79),
       (4,22,20,7, 94.57),
       (20,35,21,11, 99.57),
       (13,61,22,15, 42.73),
       (85,67,23,8, 87.12),
       (7,38,24,18, 92.27),
       (27,26,25,8, 20.87),
       (32,49,26,4, 58.92),
       (87,34,27,7, 20.7),
       (26,75,28,4, 97.6),
       (96,31,29,1, 87.68),
       (0,70,30,18, 37.75),
       (82,51,31,0, 32.82),
       (97,23,32,11, 31.03),
       (14,62,33,2, 97.22),
       (92,4,34,2, 36.1),
       (5,71,35,5, 30.46),
       (81,78,36,8, 51.46),
       (72,72,37,10, 78.03),
       (66,68,38,14, 41.69),
       (6,77,39,5, 78.53),
       (40,65,40,8, 71.8),
       (17,84,41,19, 63.76),
       (86,14,42,18, 92.91),
       (25,97,43,10, 44.66),
       (44,44,44,13, 13.49),
       (99,41,45,19, 16.51),
       (78,89,46,7, 39.97),
       (79,64,47,14, 96.39),
       (19,81,48,18, 97.34),
       (63,7,49,0, 18.79),
       (90,60,22,1, 23.81),
       (43,10,22,18, 95.74),
       (56,87,29,10, 80.89),
       (50,3,45,16, 16.9),
       (93,39,38,1, 49.68),
       (48,25,18,14, 67.84),
       (15,20,12,4, 55.9),
       (76,17,47,13, 79.26),
       (98,19,30,12, 39.82),
       (67,21,28,18, 73.78),
       (31,30,31,10, 18.37),
       (64,24,33,16, 55.83),
       (22,43,20,7, 41.62),
       (24,98,15,9, 35.51),
       (23,52,38,15, 41.2),
       (59,42,1,6, 30.21),
       (2,36,28,7, 97.53),
       (95,85,40,3, 61.67),
       (68,86,23,17, 47.96),
       (55,29,13,18, 88.34),
       (35,47,47,19, 99.63),
       (88,83,49,1, 25.65),
       (47,74,32,1, 76.36),
       (91,69,2,4, 77.68),
       (89,9,28,12, 29.67),
       (54,90,46,0, 22.79),
       (21,11,49,10, 62.3),
       (62,53,34,19, 60.2),
       (53,13,48,18, 96.3),
       (57,27,34,11, 23.11),
       (42,94,6,18, 58.23),
       (18,48,0,16, 47.37),
       (83,57,36,0, 49.69),
       (33,91,11,10, 21.08),
       (49,80,20,16, 83.02),
       (52,33,22,8, 33.05),
       (3,88,49,16, 61.14),
       (8,73,27,6, 76.19),
       (94,76,41,12, 28.42),
       (41,28,1,7, 92.92),
       (51,93,34,5, 92.78),
       (84,79,31,9, 85.13),
       (9,50,39,0, 82.61),
       (69,45,8,16, 77.95),
       (71,6,20,4, 50.71),
       (46,54,24,15, 41.02),
       (28,12,46,15, 11.38),
       (10,40,26,8, 98.52),
       (74,55,22,6, 46.26),
       (61,37,32,10, 14.99);
